{"cameraMode":{"drawMode":0,"name":"Shaded","section":"Shading Mode"},"sceneLighting":true,"audioPlay":false,"sceneViewState":{"m_AlwaysRefresh":false,"showFog":true,"showSkybox":true,"showFlares":true,"showImageEffects":true,"showParticleSystems":true,"showVisualEffectGraphs":true,"m_FxEnabled":true},"in2DMode":false,"pivot":{"x":0.9727227687835693,"y":0.1835501790046692,"z":0.6540746688842773},"rotation":{"x":0.08240722119808197,"y":-0.18721437454223634,"z":0.01576310768723488,"w":0.9787297248840332},"size":6.266026496887207,"orthographic":false}